respondent_id,survey_date,age_group,segment,region,primary_activity,nps,top_pain_point,verbatim,data_notice
SP-R0001,2026-04-20,25-34,Family Campers,Southwest,Camping,7,fit_inconsistency,Every season the fit of the hiking pants seems to change. Considering switching brands.,Fictional data created for the MarketSignal demo.
SP-R0002,2026-04-15,55+,Weekend Hikers,Southwest,Camping,9,waterproofing,My boots stopped being waterproof after one season. Considering switching brands.,Fictional data created for the MarketSignal demo.
SP-R0003,2026-04-14,35-44,Family Campers,Midwest,Backpacking,10,sustainability_transparency,I want to know which fabrics are recycled and where they are made.,Fictional data created for the MarketSignal demo.
SP-R0004,2026-04-08,35-44,Urban Outdoor,Pacific Northwest,Camping,6,price_vs_value,Good gear but the prices keep creeping up. Considering switching brands.,Fictional data created for the MarketSignal demo.
SP-R0005,2026-04-21,55+,Urban Outdoor,Mountain West,Climbing,9,fit_inconsistency,Every season the fit of the hiking pants seems to change.,Fictional data created for the MarketSignal demo.
SP-R0006,2026-04-19,35-44,Urban Outdoor,Midwest,Climbing,8,delivery_speed,Shipping to rural areas is slow and tracking is unreliable. Still love the brand overall.,Fictional data created for the MarketSignal demo.
SP-R0007,2026-04-12,18-24,Alpine Committed,Southwest,Trail running,6,fit_inconsistency,I had to exchange my boots twice to get the right size. Considering switching brands.,Fictional data created for the MarketSignal demo.
SP-R0008,2026-04-09,45-54,Weekend Hikers,Midwest,Climbing,5,durability,Sole started peeling away on the trail after a few months. Would recommend with that caveat.,Fictional data created for the MarketSignal demo.
SP-R0009,2026-04-12,55+,Weekend Hikers,Southwest,Backpacking,5,delivery_speed,I would pay for faster delivery before a big trip. Considering switching brands.,Fictional data created for the MarketSignal demo.
SP-R0010,2026-04-22,25-34,Family Campers,Southwest,Climbing,6,fit_inconsistency,My boots and trail runners from Southpeak are not the same size at all. Would recommend with that caveat.,Fictional data created for the MarketSignal demo.
SP-R0011,2026-04-09,35-44,Weekend Hikers,Pacific Northwest,Day hiking,10,sustainability_transparency,A repair program would make me much more loyal.,Fictional data created for the MarketSignal demo.
SP-R0012,2026-04-17,55+,Family Campers,Pacific Northwest,Camping,5,sustainability_transparency,A repair program would make me much more loyal. Still love the brand overall.,Fictional data created for the MarketSignal demo.
SP-R0013,2026-04-12,35-44,Weekend Hikers,Midwest,Climbing,9,fit_inconsistency,My boots and trail runners from Southpeak are not the same size at all. Still love the brand overall.,Fictional data created for the MarketSignal demo.
SP-R0014,2026-04-20,55+,Family Campers,Pacific Northwest,Trail running,3,community,"My hiking group mostly wears other labels, so I hear less about Southpeak.",Fictional data created for the MarketSignal demo.
SP-R0015,2026-04-23,25-34,Weekend Hikers,Mountain West,Camping,5,sustainability_transparency,A repair program would make me much more loyal. Still love the brand overall.,Fictional data created for the MarketSignal demo.
SP-R0016,2026-04-22,18-24,Weekend Hikers,Midwest,Camping,8,durability,Fabric on the fleece pilled quickly. Customer service did help in the end.,Fictional data created for the MarketSignal demo.
SP-R0017,2026-04-22,25-34,Weekend Hikers,Mountain West,Backpacking,3,durability,Fabric on the fleece pilled quickly.,Fictional data created for the MarketSignal demo.
SP-R0018,2026-04-16,25-34,Family Campers,Southwest,Backpacking,10,price_vs_value,Hard to justify the price compared with outfitter house brands. Considering switching brands.,Fictional data created for the MarketSignal demo.
SP-R0019,2026-04-14,25-34,Alpine Committed,Pacific Northwest,Climbing,8,sustainability_transparency,A repair program would make me much more loyal. Customer service did help in the end.,Fictional data created for the MarketSignal demo.
SP-R0020,2026-04-21,45-54,Weekend Hikers,Northeast,Climbing,9,fit_inconsistency,Every season the fit of the hiking pants seems to change.,Fictional data created for the MarketSignal demo.
SP-R0021,2026-04-21,25-34,Weekend Hikers,Northeast,Camping,8,fit_inconsistency,The shell fits fine in the shoulders but the sleeves are short. Customer service did help in the end.,Fictional data created for the MarketSignal demo.
SP-R0022,2026-04-13,55+,Urban Outdoor,Mountain West,Day hiking,8,community,Hard to find real customer photos of the gear on the trail. Would recommend with that caveat.,Fictional data created for the MarketSignal demo.
SP-R0023,2026-04-22,25-34,Weekend Hikers,Pacific Northwest,Day hiking,6,community,"My hiking group mostly wears other labels, so I hear less about Southpeak.",Fictional data created for the MarketSignal demo.
SP-R0024,2026-04-16,35-44,Urban Outdoor,Northeast,Climbing,8,fit_inconsistency,My boots and trail runners from Southpeak are not the same size at all. Still love the brand overall.,Fictional data created for the MarketSignal demo.
SP-R0025,2026-04-17,35-44,Weekend Hikers,Northeast,Trail running,8,fit_inconsistency,My boots and trail runners from Southpeak are not the same size at all.,Fictional data created for the MarketSignal demo.
SP-R0026,2026-04-18,25-34,Family Campers,Southwest,Trail running,3,personalization,I would like custom patches or embroidery for my scout troop.,Fictional data created for the MarketSignal demo.
SP-R0027,2026-04-23,35-44,Weekend Hikers,Midwest,Climbing,9,sustainability_transparency,A repair program would make me much more loyal. Would recommend with that caveat.,Fictional data created for the MarketSignal demo.
SP-R0028,2026-04-16,35-44,Weekend Hikers,Southwest,Day hiking,10,waterproofing,The rain pants leak at the seams near the knees. Still love the brand overall.,Fictional data created for the MarketSignal demo.
SP-R0029,2026-04-12,45-54,Family Campers,Mountain West,Day hiking,9,fit_inconsistency,Every season the fit of the hiking pants seems to change. Would recommend with that caveat.,Fictional data created for the MarketSignal demo.
SP-R0030,2026-04-10,18-24,Alpine Committed,Midwest,Trail running,5,fit_inconsistency,My boots and trail runners from Southpeak are not the same size at all.,Fictional data created for the MarketSignal demo.
SP-R0031,2026-04-10,35-44,Urban Outdoor,Midwest,Climbing,9,delivery_speed,Shipping to rural areas is slow and tracking is unreliable. Customer service did help in the end.,Fictional data created for the MarketSignal demo.
SP-R0032,2026-04-15,25-34,Family Campers,Pacific Northwest,Day hiking,10,community,"My hiking group mostly wears other labels, so I hear less about Southpeak.",Fictional data created for the MarketSignal demo.
SP-R0033,2026-04-15,55+,Family Campers,Northeast,Day hiking,8,price_vs_value,Hard to justify the price compared with outfitter house brands. Customer service did help in the end.,Fictional data created for the MarketSignal demo.
SP-R0034,2026-04-14,25-34,Weekend Hikers,Pacific Northwest,Climbing,10,delivery_speed,I would pay for faster delivery before a big trip.,Fictional data created for the MarketSignal demo.
SP-R0035,2026-04-10,18-24,Alpine Committed,Midwest,Backpacking,10,community,I would come to more group hikes and trail cleanups if they were near me. Customer service did help in the end.,Fictional data created for the MarketSignal demo.
SP-R0036,2026-04-18,45-54,Weekend Hikers,Southwest,Camping,5,community,"My hiking group mostly wears other labels, so I hear less about Southpeak.",Fictional data created for the MarketSignal demo.
SP-R0037,2026-04-20,35-44,Alpine Committed,Northeast,Climbing,8,personalization,A fit profile that remembers my sizes would help. Customer service did help in the end.,Fictional data created for the MarketSignal demo.
SP-R0038,2026-04-21,18-24,Weekend Hikers,Pacific Northwest,Day hiking,9,durability,Fabric on the fleece pilled quickly.,Fictional data created for the MarketSignal demo.
SP-R0039,2026-04-06,35-44,Weekend Hikers,Midwest,Backpacking,8,fit_inconsistency,Every season the fit of the hiking pants seems to change. Would recommend with that caveat.,Fictional data created for the MarketSignal demo.
SP-R0040,2026-04-12,35-44,Family Campers,Pacific Northwest,Day hiking,7,fit_inconsistency,Every season the fit of the hiking pants seems to change. Customer service did help in the end.,Fictional data created for the MarketSignal demo.
SP-R0041,2026-04-12,35-44,Alpine Committed,Southwest,Camping,9,fit_inconsistency,Every season the fit of the hiking pants seems to change.,Fictional data created for the MarketSignal demo.
SP-R0042,2026-04-17,25-34,Urban Outdoor,Southwest,Climbing,7,fit_inconsistency,I had to exchange my boots twice to get the right size. Customer service did help in the end.,Fictional data created for the MarketSignal demo.
SP-R0043,2026-04-19,45-54,Weekend Hikers,Mountain West,Trail running,10,fit_inconsistency,My boots and trail runners from Southpeak are not the same size at all. Considering switching brands.,Fictional data created for the MarketSignal demo.
SP-R0044,2026-04-23,35-44,Alpine Committed,Pacific Northwest,Climbing,9,community,I would come to more group hikes and trail cleanups if they were near me. Customer service did help in the end.,Fictional data created for the MarketSignal demo.
SP-R0045,2026-04-20,18-24,Weekend Hikers,Southwest,Day hiking,6,fit_inconsistency,My boots and trail runners from Southpeak are not the same size at all. Would recommend with that caveat.,Fictional data created for the MarketSignal demo.
SP-R0046,2026-04-10,55+,Family Campers,Pacific Northwest,Camping,9,sustainability_transparency,A repair program would make me much more loyal. Still love the brand overall.,Fictional data created for the MarketSignal demo.
SP-R0047,2026-04-23,55+,Weekend Hikers,Southwest,Backpacking,6,price_vs_value,Hard to justify the price compared with outfitter house brands. Customer service did help in the end.,Fictional data created for the MarketSignal demo.
SP-R0048,2026-04-23,55+,Weekend Hikers,Midwest,Backpacking,10,personalization,I would like custom patches or embroidery for my scout troop. Still love the brand overall.,Fictional data created for the MarketSignal demo.
SP-R0049,2026-04-13,45-54,Weekend Hikers,Midwest,Climbing,9,durability,The pack zipper broke on my second trip. Still love the brand overall.,Fictional data created for the MarketSignal demo.
SP-R0050,2026-04-15,35-44,Urban Outdoor,Mountain West,Camping,3,sustainability_transparency,The sustainability page is mostly photos and slogans.,Fictional data created for the MarketSignal demo.
SP-R0051,2026-04-17,45-54,Urban Outdoor,Mountain West,Backpacking,8,fit_inconsistency,My boots and trail runners from Southpeak are not the same size at all. Considering switching brands.,Fictional data created for the MarketSignal demo.
SP-R0052,2026-04-18,55+,Alpine Committed,Northeast,Backpacking,9,personalization,A fit profile that remembers my sizes would help. Customer service did help in the end.,Fictional data created for the MarketSignal demo.
SP-R0053,2026-04-18,45-54,Weekend Hikers,Midwest,Trail running,9,sustainability_transparency,The sustainability page is mostly photos and slogans. Still love the brand overall.,Fictional data created for the MarketSignal demo.
SP-R0054,2026-04-10,55+,Weekend Hikers,Mountain West,Backpacking,9,durability,Sole started peeling away on the trail after a few months.,Fictional data created for the MarketSignal demo.
SP-R0055,2026-04-14,18-24,Urban Outdoor,Northeast,Climbing,8,durability,The pack zipper broke on my second trip. Still love the brand overall.,Fictional data created for the MarketSignal demo.
SP-R0056,2026-04-14,45-54,Family Campers,Northeast,Backpacking,6,fit_inconsistency,The shell fits fine in the shoulders but the sleeves are short.,Fictional data created for the MarketSignal demo.
SP-R0057,2026-04-12,55+,Weekend Hikers,Northeast,Trail running,6,waterproofing,The rain pants leak at the seams near the knees.,Fictional data created for the MarketSignal demo.
SP-R0058,2026-04-17,55+,Family Campers,Northeast,Backpacking,8,fit_inconsistency,My boots and trail runners from Southpeak are not the same size at all. Would recommend with that caveat.,Fictional data created for the MarketSignal demo.
SP-R0059,2026-04-24,35-44,Weekend Hikers,Midwest,Camping,6,durability,The pack zipper broke on my second trip. Customer service did help in the end.,Fictional data created for the MarketSignal demo.
SP-R0060,2026-04-15,45-54,Family Campers,Mountain West,Trail running,9,fit_inconsistency,Every season the fit of the hiking pants seems to change. Customer service did help in the end.,Fictional data created for the MarketSignal demo.
SP-R0061,2026-04-16,25-34,Weekend Hikers,Mountain West,Day hiking,8,waterproofing,The rain pants leak at the seams near the knees. Still love the brand overall.,Fictional data created for the MarketSignal demo.
SP-R0062,2026-04-14,25-34,Family Campers,Mountain West,Climbing,10,price_vs_value,I wait for the end of season sale before buying anything. Still love the brand overall.,Fictional data created for the MarketSignal demo.
SP-R0063,2026-04-17,55+,Urban Outdoor,Northeast,Camping,9,community,Hard to find real customer photos of the gear on the trail.,Fictional data created for the MarketSignal demo.
SP-R0064,2026-04-08,55+,Alpine Committed,Mountain West,Day hiking,8,fit_inconsistency,My boots and trail runners from Southpeak are not the same size at all.,Fictional data created for the MarketSignal demo.
SP-R0065,2026-04-13,25-34,Weekend Hikers,Mountain West,Trail running,10,fit_inconsistency,My boots and trail runners from Southpeak are not the same size at all. Would recommend with that caveat.,Fictional data created for the MarketSignal demo.
SP-R0066,2026-04-17,45-54,Alpine Committed,Mountain West,Backpacking,7,fit_inconsistency,The shell fits fine in the shoulders but the sleeves are short. Still love the brand overall.,Fictional data created for the MarketSignal demo.
SP-R0067,2026-04-18,35-44,Weekend Hikers,Northeast,Camping,5,fit_inconsistency,I had to exchange my boots twice to get the right size.,Fictional data created for the MarketSignal demo.
SP-R0068,2026-04-09,45-54,Urban Outdoor,Midwest,Trail running,5,delivery_speed,My order took eight days to reach me before a trip. Considering switching brands.,Fictional data created for the MarketSignal demo.
SP-R0069,2026-04-09,55+,Urban Outdoor,Mountain West,Trail running,7,price_vs_value,Hard to justify the price compared with outfitter house brands. Would recommend with that caveat.,Fictional data created for the MarketSignal demo.
SP-R0070,2026-04-12,55+,Weekend Hikers,Southwest,Backpacking,6,community,I would come to more group hikes and trail cleanups if they were near me. Would recommend with that caveat.,Fictional data created for the MarketSignal demo.
SP-R0071,2026-04-07,18-24,Family Campers,Mountain West,Climbing,7,fit_inconsistency,Every season the fit of the hiking pants seems to change.,Fictional data created for the MarketSignal demo.
SP-R0072,2026-04-22,18-24,Family Campers,Northeast,Day hiking,9,fit_inconsistency,My boots and trail runners from Southpeak are not the same size at all.,Fictional data created for the MarketSignal demo.
SP-R0073,2026-04-23,25-34,Alpine Committed,Pacific Northwest,Trail running,9,sustainability_transparency,A repair program would make me much more loyal. Would recommend with that caveat.,Fictional data created for the MarketSignal demo.
SP-R0074,2026-04-14,55+,Weekend Hikers,Midwest,Camping,8,price_vs_value,Good gear but the prices keep creeping up. Considering switching brands.,Fictional data created for the MarketSignal demo.
SP-R0075,2026-04-16,18-24,Weekend Hikers,Pacific Northwest,Climbing,10,personalization,A fit profile that remembers my sizes would help.,Fictional data created for the MarketSignal demo.
SP-R0076,2026-04-18,45-54,Family Campers,Midwest,Trail running,6,price_vs_value,Hard to justify the price compared with outfitter house brands. Would recommend with that caveat.,Fictional data created for the MarketSignal demo.
SP-R0077,2026-04-14,35-44,Urban Outdoor,Southwest,Trail running,7,fit_inconsistency,The shell fits fine in the shoulders but the sleeves are short. Considering switching brands.,Fictional data created for the MarketSignal demo.
SP-R0078,2026-04-20,25-34,Weekend Hikers,Southwest,Climbing,8,fit_inconsistency,The shell fits fine in the shoulders but the sleeves are short. Would recommend with that caveat.,Fictional data created for the MarketSignal demo.
SP-R0079,2026-04-20,55+,Alpine Committed,Southwest,Backpacking,9,fit_inconsistency,Every season the fit of the hiking pants seems to change. Would recommend with that caveat.,Fictional data created for the MarketSignal demo.
SP-R0080,2026-04-11,25-34,Urban Outdoor,Northeast,Climbing,8,fit_inconsistency,My boots and trail runners from Southpeak are not the same size at all.,Fictional data created for the MarketSignal demo.
SP-R0081,2026-04-08,25-34,Urban Outdoor,Pacific Northwest,Backpacking,7,fit_inconsistency,I had to exchange my boots twice to get the right size. Considering switching brands.,Fictional data created for the MarketSignal demo.
SP-R0082,2026-04-11,25-34,Family Campers,Southwest,Climbing,8,delivery_speed,My order took eight days to reach me before a trip.,Fictional data created for the MarketSignal demo.
SP-R0083,2026-04-08,18-24,Weekend Hikers,Pacific Northwest,Day hiking,7,personalization,A fit profile that remembers my sizes would help. Considering switching brands.,Fictional data created for the MarketSignal demo.
SP-R0084,2026-04-20,55+,Family Campers,Mountain West,Backpacking,9,fit_inconsistency,Every season the fit of the hiking pants seems to change. Still love the brand overall.,Fictional data created for the MarketSignal demo.
SP-R0085,2026-04-20,35-44,Alpine Committed,Southwest,Trail running,8,fit_inconsistency,The shell fits fine in the shoulders but the sleeves are short.,Fictional data created for the MarketSignal demo.
SP-R0086,2026-04-20,55+,Weekend Hikers,Midwest,Climbing,5,fit_inconsistency,The shell fits fine in the shoulders but the sleeves are short. Still love the brand overall.,Fictional data created for the MarketSignal demo.
SP-R0087,2026-04-12,25-34,Weekend Hikers,Mountain West,Day hiking,9,durability,Fabric on the fleece pilled quickly.,Fictional data created for the MarketSignal demo.
SP-R0088,2026-04-16,25-34,Family Campers,Northeast,Camping,8,fit_inconsistency,My boots and trail runners from Southpeak are not the same size at all.,Fictional data created for the MarketSignal demo.
SP-R0089,2026-04-17,25-34,Alpine Committed,Midwest,Day hiking,7,price_vs_value,Hard to justify the price compared with outfitter house brands. Customer service did help in the end.,Fictional data created for the MarketSignal demo.
SP-R0090,2026-04-21,35-44,Weekend Hikers,Pacific Northwest,Trail running,5,delivery_speed,I would pay for faster delivery before a big trip. Still love the brand overall.,Fictional data created for the MarketSignal demo.
SP-R0091,2026-04-20,45-54,Urban Outdoor,Southwest,Trail running,9,sustainability_transparency,I want to know which fabrics are recycled and where they are made. Customer service did help in the end.,Fictional data created for the MarketSignal demo.
SP-R0092,2026-04-11,25-34,Weekend Hikers,Southwest,Camping,8,community,"My hiking group mostly wears other labels, so I hear less about Southpeak. Still love the brand overall.",Fictional data created for the MarketSignal demo.
SP-R0093,2026-04-21,18-24,Weekend Hikers,Northeast,Day hiking,3,fit_inconsistency,I had to exchange my boots twice to get the right size. Customer service did help in the end.,Fictional data created for the MarketSignal demo.
SP-R0094,2026-04-16,55+,Alpine Committed,Midwest,Trail running,5,sustainability_transparency,I want to know which fabrics are recycled and where they are made.,Fictional data created for the MarketSignal demo.
SP-R0095,2026-04-10,35-44,Alpine Committed,Northeast,Camping,9,fit_inconsistency,I had to exchange my boots twice to get the right size. Still love the brand overall.,Fictional data created for the MarketSignal demo.
SP-R0096,2026-04-16,35-44,Urban Outdoor,Northeast,Day hiking,9,community,"My hiking group mostly wears other labels, so I hear less about Southpeak. Considering switching brands.",Fictional data created for the MarketSignal demo.
SP-R0097,2026-04-16,45-54,Weekend Hikers,Pacific Northwest,Backpacking,3,fit_inconsistency,My boots and trail runners from Southpeak are not the same size at all. Customer service did help in the end.,Fictional data created for the MarketSignal demo.
SP-R0098,2026-04-11,18-24,Alpine Committed,Southwest,Climbing,8,delivery_speed,My order took eight days to reach me before a trip. Still love the brand overall.,Fictional data created for the MarketSignal demo.
SP-R0099,2026-04-06,45-54,Weekend Hikers,Northeast,Backpacking,8,sustainability_transparency,The sustainability page is mostly photos and slogans. Considering switching brands.,Fictional data created for the MarketSignal demo.
SP-R0100,2026-04-11,55+,Urban Outdoor,Northeast,Backpacking,9,durability,Fabric on the fleece pilled quickly. Customer service did help in the end.,Fictional data created for the MarketSignal demo.
SP-R0101,2026-04-22,45-54,Alpine Committed,Midwest,Day hiking,3,fit_inconsistency,The shell fits fine in the shoulders but the sleeves are short. Customer service did help in the end.,Fictional data created for the MarketSignal demo.
SP-R0102,2026-04-17,45-54,Urban Outdoor,Mountain West,Camping,10,price_vs_value,Hard to justify the price compared with outfitter house brands.,Fictional data created for the MarketSignal demo.
SP-R0103,2026-04-20,55+,Family Campers,Pacific Northwest,Camping,9,fit_inconsistency,Every season the fit of the hiking pants seems to change. Customer service did help in the end.,Fictional data created for the MarketSignal demo.
SP-R0104,2026-04-22,18-24,Alpine Committed,Northeast,Backpacking,8,durability,Sole started peeling away on the trail after a few months. Would recommend with that caveat.,Fictional data created for the MarketSignal demo.
SP-R0105,2026-04-11,35-44,Alpine Committed,Northeast,Trail running,7,fit_inconsistency,The shell fits fine in the shoulders but the sleeves are short.,Fictional data created for the MarketSignal demo.
SP-R0106,2026-04-11,18-24,Alpine Committed,Midwest,Backpacking,6,price_vs_value,Hard to justify the price compared with outfitter house brands. Considering switching brands.,Fictional data created for the MarketSignal demo.
SP-R0107,2026-04-06,18-24,Urban Outdoor,Southwest,Backpacking,8,fit_inconsistency,The shell fits fine in the shoulders but the sleeves are short. Considering switching brands.,Fictional data created for the MarketSignal demo.
SP-R0108,2026-04-13,35-44,Urban Outdoor,Midwest,Backpacking,8,fit_inconsistency,The shell fits fine in the shoulders but the sleeves are short.,Fictional data created for the MarketSignal demo.
SP-R0109,2026-04-14,25-34,Alpine Committed,Mountain West,Climbing,9,delivery_speed,My order took eight days to reach me before a trip. Still love the brand overall.,Fictional data created for the MarketSignal demo.
SP-R0110,2026-04-19,18-24,Urban Outdoor,Northeast,Trail running,8,community,I would come to more group hikes and trail cleanups if they were near me. Still love the brand overall.,Fictional data created for the MarketSignal demo.
SP-R0111,2026-04-21,55+,Family Campers,Midwest,Backpacking,6,fit_inconsistency,I had to exchange my boots twice to get the right size. Considering switching brands.,Fictional data created for the MarketSignal demo.
SP-R0112,2026-04-24,35-44,Family Campers,Mountain West,Climbing,6,personalization,I would like custom patches or embroidery for my scout troop. Would recommend with that caveat.,Fictional data created for the MarketSignal demo.
SP-R0113,2026-04-19,18-24,Weekend Hikers,Northeast,Day hiking,7,durability,Fabric on the fleece pilled quickly.,Fictional data created for the MarketSignal demo.
SP-R0114,2026-04-22,18-24,Weekend Hikers,Southwest,Camping,9,fit_inconsistency,Every season the fit of the hiking pants seems to change. Would recommend with that caveat.,Fictional data created for the MarketSignal demo.
SP-R0115,2026-04-10,18-24,Urban Outdoor,Mountain West,Backpacking,7,price_vs_value,Good gear but the prices keep creeping up. Considering switching brands.,Fictional data created for the MarketSignal demo.
SP-R0116,2026-04-17,25-34,Urban Outdoor,Midwest,Backpacking,8,sustainability_transparency,A repair program would make me much more loyal. Would recommend with that caveat.,Fictional data created for the MarketSignal demo.
SP-R0117,2026-04-07,18-24,Weekend Hikers,Pacific Northwest,Day hiking,7,fit_inconsistency,Every season the fit of the hiking pants seems to change. Considering switching brands.,Fictional data created for the MarketSignal demo.
SP-R0118,2026-04-11,18-24,Urban Outdoor,Southwest,Backpacking,3,community,I would come to more group hikes and trail cleanups if they were near me.,Fictional data created for the MarketSignal demo.
SP-R0119,2026-04-14,45-54,Weekend Hikers,Mountain West,Day hiking,6,community,I would come to more group hikes and trail cleanups if they were near me.,Fictional data created for the MarketSignal demo.
SP-R0120,2026-04-06,35-44,Urban Outdoor,Midwest,Trail running,3,waterproofing,The rain pants leak at the seams near the knees.,Fictional data created for the MarketSignal demo.
SP-R0121,2026-04-22,55+,Weekend Hikers,Mountain West,Camping,3,fit_inconsistency,Every season the fit of the hiking pants seems to change. Customer service did help in the end.,Fictional data created for the MarketSignal demo.
SP-R0122,2026-04-08,25-34,Alpine Committed,Southwest,Day hiking,3,delivery_speed,My order took eight days to reach me before a trip.,Fictional data created for the MarketSignal demo.
SP-R0123,2026-04-24,18-24,Urban Outdoor,Southwest,Trail running,9,fit_inconsistency,My boots and trail runners from Southpeak are not the same size at all.,Fictional data created for the MarketSignal demo.
SP-R0124,2026-04-23,18-24,Weekend Hikers,Southwest,Camping,3,delivery_speed,My order took eight days to reach me before a trip. Considering switching brands.,Fictional data created for the MarketSignal demo.
SP-R0125,2026-04-12,25-34,Urban Outdoor,Midwest,Camping,8,durability,Sole started peeling away on the trail after a few months.,Fictional data created for the MarketSignal demo.
SP-R0126,2026-04-18,55+,Urban Outdoor,Southwest,Climbing,8,community,I would come to more group hikes and trail cleanups if they were near me. Would recommend with that caveat.,Fictional data created for the MarketSignal demo.
SP-R0127,2026-04-08,35-44,Urban Outdoor,Mountain West,Backpacking,9,delivery_speed,I would pay for faster delivery before a big trip. Would recommend with that caveat.,Fictional data created for the MarketSignal demo.
SP-R0128,2026-04-22,35-44,Weekend Hikers,Midwest,Climbing,8,fit_inconsistency,The shell fits fine in the shoulders but the sleeves are short. Considering switching brands.,Fictional data created for the MarketSignal demo.
SP-R0129,2026-04-07,35-44,Urban Outdoor,Midwest,Climbing,3,sustainability_transparency,I want to know which fabrics are recycled and where they are made. Would recommend with that caveat.,Fictional data created for the MarketSignal demo.
SP-R0130,2026-04-16,55+,Alpine Committed,Northeast,Backpacking,5,fit_inconsistency,The shell fits fine in the shoulders but the sleeves are short. Customer service did help in the end.,Fictional data created for the MarketSignal demo.
SP-R0131,2026-04-18,35-44,Alpine Committed,Southwest,Day hiking,6,community,Hard to find real customer photos of the gear on the trail.,Fictional data created for the MarketSignal demo.
SP-R0132,2026-04-06,45-54,Family Campers,Mountain West,Camping,3,delivery_speed,I would pay for faster delivery before a big trip. Still love the brand overall.,Fictional data created for the MarketSignal demo.
SP-R0133,2026-04-14,25-34,Family Campers,Pacific Northwest,Day hiking,9,fit_inconsistency,I had to exchange my boots twice to get the right size. Would recommend with that caveat.,Fictional data created for the MarketSignal demo.
SP-R0134,2026-04-24,25-34,Weekend Hikers,Pacific Northwest,Day hiking,9,community,"My hiking group mostly wears other labels, so I hear less about Southpeak. Would recommend with that caveat.",Fictional data created for the MarketSignal demo.
SP-R0135,2026-04-17,35-44,Urban Outdoor,Southwest,Backpacking,3,durability,Fabric on the fleece pilled quickly. Customer service did help in the end.,Fictional data created for the MarketSignal demo.
SP-R0136,2026-04-07,18-24,Weekend Hikers,Mountain West,Day hiking,8,personalization,A fit profile that remembers my sizes would help.,Fictional data created for the MarketSignal demo.
SP-R0137,2026-04-18,25-34,Urban Outdoor,Pacific Northwest,Backpacking,9,price_vs_value,Good gear but the prices keep creeping up.,Fictional data created for the MarketSignal demo.
SP-R0138,2026-04-11,18-24,Weekend Hikers,Northeast,Camping,8,fit_inconsistency,My boots and trail runners from Southpeak are not the same size at all. Considering switching brands.,Fictional data created for the MarketSignal demo.
SP-R0139,2026-04-10,35-44,Family Campers,Southwest,Day hiking,8,fit_inconsistency,My boots and trail runners from Southpeak are not the same size at all. Would recommend with that caveat.,Fictional data created for the MarketSignal demo.
SP-R0140,2026-04-20,45-54,Alpine Committed,Midwest,Trail running,9,fit_inconsistency,The shell fits fine in the shoulders but the sleeves are short. Still love the brand overall.,Fictional data created for the MarketSignal demo.
SP-R0141,2026-04-06,18-24,Weekend Hikers,Northeast,Climbing,5,fit_inconsistency,I had to exchange my boots twice to get the right size.,Fictional data created for the MarketSignal demo.
SP-R0142,2026-04-10,55+,Urban Outdoor,Southwest,Day hiking,9,durability,Sole started peeling away on the trail after a few months.,Fictional data created for the MarketSignal demo.
SP-R0143,2026-04-06,18-24,Urban Outdoor,Pacific Northwest,Backpacking,8,durability,The pack zipper broke on my second trip. Considering switching brands.,Fictional data created for the MarketSignal demo.
SP-R0144,2026-04-21,25-34,Alpine Committed,Mountain West,Trail running,9,fit_inconsistency,My boots and trail runners from Southpeak are not the same size at all.,Fictional data created for the MarketSignal demo.
SP-R0145,2026-04-20,55+,Family Campers,Pacific Northwest,Day hiking,8,fit_inconsistency,Every season the fit of the hiking pants seems to change.,Fictional data created for the MarketSignal demo.
SP-R0146,2026-04-12,55+,Urban Outdoor,Midwest,Trail running,6,delivery_speed,Shipping to rural areas is slow and tracking is unreliable.,Fictional data created for the MarketSignal demo.
SP-R0147,2026-04-15,45-54,Urban Outdoor,Pacific Northwest,Trail running,9,community,I would come to more group hikes and trail cleanups if they were near me. Would recommend with that caveat.,Fictional data created for the MarketSignal demo.
SP-R0148,2026-04-19,55+,Alpine Committed,Midwest,Climbing,9,community,I would come to more group hikes and trail cleanups if they were near me. Considering switching brands.,Fictional data created for the MarketSignal demo.
SP-R0149,2026-04-16,25-34,Alpine Committed,Northeast,Trail running,5,durability,The pack zipper broke on my second trip.,Fictional data created for the MarketSignal demo.
SP-R0150,2026-04-12,55+,Family Campers,Pacific Northwest,Camping,9,waterproofing,The rain pants leak at the seams near the knees. Would recommend with that caveat.,Fictional data created for the MarketSignal demo.
SP-R0151,2026-04-06,55+,Weekend Hikers,Mountain West,Camping,9,personalization,A fit profile that remembers my sizes would help. Would recommend with that caveat.,Fictional data created for the MarketSignal demo.
SP-R0152,2026-04-19,55+,Weekend Hikers,Southwest,Camping,8,price_vs_value,Hard to justify the price compared with outfitter house brands. Would recommend with that caveat.,Fictional data created for the MarketSignal demo.
SP-R0153,2026-04-06,35-44,Weekend Hikers,Midwest,Backpacking,8,sustainability_transparency,A repair program would make me much more loyal. Customer service did help in the end.,Fictional data created for the MarketSignal demo.
SP-R0154,2026-04-11,45-54,Weekend Hikers,Mountain West,Trail running,8,sustainability_transparency,The sustainability page is mostly photos and slogans.,Fictional data created for the MarketSignal demo.
SP-R0155,2026-04-06,25-34,Weekend Hikers,Northeast,Camping,10,price_vs_value,Good gear but the prices keep creeping up. Still love the brand overall.,Fictional data created for the MarketSignal demo.
SP-R0156,2026-04-24,35-44,Urban Outdoor,Mountain West,Climbing,10,community,I would come to more group hikes and trail cleanups if they were near me.,Fictional data created for the MarketSignal demo.
SP-R0157,2026-04-22,35-44,Family Campers,Northeast,Backpacking,9,durability,Fabric on the fleece pilled quickly.,Fictional data created for the MarketSignal demo.
SP-R0158,2026-04-23,55+,Urban Outdoor,Mountain West,Climbing,8,sustainability_transparency,A repair program would make me much more loyal.,Fictional data created for the MarketSignal demo.
SP-R0159,2026-04-24,55+,Alpine Committed,Midwest,Camping,7,sustainability_transparency,A repair program would make me much more loyal.,Fictional data created for the MarketSignal demo.
SP-R0160,2026-04-09,45-54,Family Campers,Pacific Northwest,Camping,9,price_vs_value,I wait for the end of season sale before buying anything. Considering switching brands.,Fictional data created for the MarketSignal demo.
SP-R0161,2026-04-13,18-24,Family Campers,Northeast,Day hiking,5,waterproofing,My boots stopped being waterproof after one season.,Fictional data created for the MarketSignal demo.
SP-R0162,2026-04-22,55+,Weekend Hikers,Midwest,Backpacking,9,sustainability_transparency,The sustainability page is mostly photos and slogans. Customer service did help in the end.,Fictional data created for the MarketSignal demo.
SP-R0163,2026-04-21,55+,Family Campers,Midwest,Camping,3,delivery_speed,My order took eight days to reach me before a trip.,Fictional data created for the MarketSignal demo.
SP-R0164,2026-04-16,35-44,Family Campers,Pacific Northwest,Trail running,8,durability,Fabric on the fleece pilled quickly. Customer service did help in the end.,Fictional data created for the MarketSignal demo.
SP-R0165,2026-04-22,18-24,Weekend Hikers,Northeast,Trail running,9,price_vs_value,Good gear but the prices keep creeping up.,Fictional data created for the MarketSignal demo.
SP-R0166,2026-04-14,45-54,Urban Outdoor,Southwest,Day hiking,8,price_vs_value,Good gear but the prices keep creeping up.,Fictional data created for the MarketSignal demo.
SP-R0167,2026-04-06,18-24,Weekend Hikers,Pacific Northwest,Day hiking,8,sustainability_transparency,The sustainability page is mostly photos and slogans. Customer service did help in the end.,Fictional data created for the MarketSignal demo.
SP-R0168,2026-04-11,45-54,Family Campers,Pacific Northwest,Camping,8,fit_inconsistency,The shell fits fine in the shoulders but the sleeves are short.,Fictional data created for the MarketSignal demo.
SP-R0169,2026-04-19,55+,Weekend Hikers,Northeast,Camping,7,fit_inconsistency,Every season the fit of the hiking pants seems to change. Considering switching brands.,Fictional data created for the MarketSignal demo.
SP-R0170,2026-04-22,35-44,Urban Outdoor,Midwest,Backpacking,10,sustainability_transparency,A repair program would make me much more loyal.,Fictional data created for the MarketSignal demo.
SP-R0171,2026-04-20,18-24,Weekend Hikers,Midwest,Backpacking,3,delivery_speed,Shipping to rural areas is slow and tracking is unreliable. Still love the brand overall.,Fictional data created for the MarketSignal demo.
SP-R0172,2026-04-11,18-24,Weekend Hikers,Pacific Northwest,Climbing,9,price_vs_value,Good gear but the prices keep creeping up. Would recommend with that caveat.,Fictional data created for the MarketSignal demo.
SP-R0173,2026-04-08,35-44,Weekend Hikers,Midwest,Backpacking,6,sustainability_transparency,I want to know which fabrics are recycled and where they are made. Customer service did help in the end.,Fictional data created for the MarketSignal demo.
SP-R0174,2026-04-12,55+,Urban Outdoor,Pacific Northwest,Day hiking,8,fit_inconsistency,Every season the fit of the hiking pants seems to change. Still love the brand overall.,Fictional data created for the MarketSignal demo.
SP-R0175,2026-04-07,18-24,Alpine Committed,Midwest,Backpacking,5,community,I would come to more group hikes and trail cleanups if they were near me. Still love the brand overall.,Fictional data created for the MarketSignal demo.
SP-R0176,2026-04-07,55+,Urban Outdoor,Southwest,Backpacking,10,sustainability_transparency,The sustainability page is mostly photos and slogans. Would recommend with that caveat.,Fictional data created for the MarketSignal demo.
SP-R0177,2026-04-07,55+,Weekend Hikers,Midwest,Trail running,8,fit_inconsistency,I had to exchange my boots twice to get the right size. Considering switching brands.,Fictional data created for the MarketSignal demo.
SP-R0178,2026-04-14,55+,Family Campers,Pacific Northwest,Day hiking,6,fit_inconsistency,My boots and trail runners from Southpeak are not the same size at all.,Fictional data created for the MarketSignal demo.
SP-R0179,2026-04-20,18-24,Urban Outdoor,Midwest,Climbing,10,price_vs_value,Good gear but the prices keep creeping up.,Fictional data created for the MarketSignal demo.
SP-R0180,2026-04-09,25-34,Weekend Hikers,Midwest,Day hiking,3,price_vs_value,I wait for the end of season sale before buying anything. Considering switching brands.,Fictional data created for the MarketSignal demo.
SP-R0181,2026-04-15,45-54,Weekend Hikers,Pacific Northwest,Day hiking,7,price_vs_value,Hard to justify the price compared with outfitter house brands. Customer service did help in the end.,Fictional data created for the MarketSignal demo.
SP-R0182,2026-04-17,45-54,Weekend Hikers,Pacific Northwest,Climbing,6,sustainability_transparency,A repair program would make me much more loyal. Customer service did help in the end.,Fictional data created for the MarketSignal demo.
SP-R0183,2026-04-24,35-44,Urban Outdoor,Mountain West,Backpacking,9,price_vs_value,I wait for the end of season sale before buying anything. Would recommend with that caveat.,Fictional data created for the MarketSignal demo.
SP-R0184,2026-04-08,55+,Alpine Committed,Pacific Northwest,Day hiking,9,durability,The pack zipper broke on my second trip.,Fictional data created for the MarketSignal demo.
SP-R0185,2026-04-06,35-44,Urban Outdoor,Northeast,Backpacking,9,waterproofing,The rain pants leak at the seams near the knees. Customer service did help in the end.,Fictional data created for the MarketSignal demo.
SP-R0186,2026-04-06,55+,Family Campers,Northeast,Backpacking,9,delivery_speed,I would pay for faster delivery before a big trip. Customer service did help in the end.,Fictional data created for the MarketSignal demo.
SP-R0187,2026-04-10,45-54,Urban Outdoor,Pacific Northwest,Trail running,3,durability,Sole started peeling away on the trail after a few months. Considering switching brands.,Fictional data created for the MarketSignal demo.
SP-R0188,2026-04-23,55+,Weekend Hikers,Northeast,Trail running,8,price_vs_value,Good gear but the prices keep creeping up. Still love the brand overall.,Fictional data created for the MarketSignal demo.
SP-R0189,2026-04-23,55+,Weekend Hikers,Pacific Northwest,Climbing,6,price_vs_value,I wait for the end of season sale before buying anything. Still love the brand overall.,Fictional data created for the MarketSignal demo.
SP-R0190,2026-04-22,35-44,Weekend Hikers,Northeast,Day hiking,3,sustainability_transparency,A repair program would make me much more loyal.,Fictional data created for the MarketSignal demo.
SP-R0191,2026-04-20,25-34,Alpine Committed,Pacific Northwest,Climbing,6,durability,Sole started peeling away on the trail after a few months. Still love the brand overall.,Fictional data created for the MarketSignal demo.
SP-R0192,2026-04-08,55+,Urban Outdoor,Mountain West,Day hiking,5,delivery_speed,I would pay for faster delivery before a big trip.,Fictional data created for the MarketSignal demo.
SP-R0193,2026-04-24,55+,Family Campers,Southwest,Day hiking,3,sustainability_transparency,A repair program would make me much more loyal. Considering switching brands.,Fictional data created for the MarketSignal demo.
SP-R0194,2026-04-14,45-54,Urban Outdoor,Pacific Northwest,Day hiking,6,fit_inconsistency,I had to exchange my boots twice to get the right size. Would recommend with that caveat.,Fictional data created for the MarketSignal demo.
SP-R0195,2026-04-11,55+,Weekend Hikers,Mountain West,Backpacking,10,fit_inconsistency,Every season the fit of the hiking pants seems to change. Considering switching brands.,Fictional data created for the MarketSignal demo.
SP-R0196,2026-04-19,18-24,Family Campers,Southwest,Camping,10,price_vs_value,Hard to justify the price compared with outfitter house brands.,Fictional data created for the MarketSignal demo.
SP-R0197,2026-04-12,25-34,Urban Outdoor,Northeast,Backpacking,7,personalization,A fit profile that remembers my sizes would help.,Fictional data created for the MarketSignal demo.
SP-R0198,2026-04-09,45-54,Weekend Hikers,Mountain West,Trail running,3,sustainability_transparency,The sustainability page is mostly photos and slogans. Considering switching brands.,Fictional data created for the MarketSignal demo.
SP-R0199,2026-04-12,35-44,Family Campers,Northeast,Climbing,8,fit_inconsistency,The shell fits fine in the shoulders but the sleeves are short.,Fictional data created for the MarketSignal demo.
SP-R0200,2026-04-14,18-24,Weekend Hikers,Southwest,Trail running,5,sustainability_transparency,I want to know which fabrics are recycled and where they are made.,Fictional data created for the MarketSignal demo.
SP-R0201,2026-04-19,25-34,Urban Outdoor,Southwest,Day hiking,7,delivery_speed,My order took eight days to reach me before a trip. Would recommend with that caveat.,Fictional data created for the MarketSignal demo.
SP-R0202,2026-04-11,18-24,Alpine Committed,Midwest,Trail running,7,durability,Fabric on the fleece pilled quickly. Would recommend with that caveat.,Fictional data created for the MarketSignal demo.
SP-R0203,2026-04-24,25-34,Urban Outdoor,Northeast,Trail running,7,fit_inconsistency,The shell fits fine in the shoulders but the sleeves are short. Customer service did help in the end.,Fictional data created for the MarketSignal demo.
SP-R0204,2026-04-11,45-54,Family Campers,Northeast,Climbing,7,durability,The pack zipper broke on my second trip. Customer service did help in the end.,Fictional data created for the MarketSignal demo.
SP-R0205,2026-04-23,18-24,Family Campers,Northeast,Day hiking,7,sustainability_transparency,I want to know which fabrics are recycled and where they are made.,Fictional data created for the MarketSignal demo.
SP-R0206,2026-04-14,18-24,Alpine Committed,Northeast,Backpacking,3,delivery_speed,My order took eight days to reach me before a trip. Considering switching brands.,Fictional data created for the MarketSignal demo.
SP-R0207,2026-04-17,25-34,Weekend Hikers,Northeast,Trail running,3,fit_inconsistency,"Southpeak boots run half a size big compared to my trail runners from the same brand, so I never know what to order.",Fictional data created for the MarketSignal demo.
SP-R0208,2026-04-09,55+,Family Campers,Pacific Northwest,Climbing,7,fit_inconsistency,I had to exchange my boots twice to get the right size. Would recommend with that caveat.,Fictional data created for the MarketSignal demo.
SP-R0209,2026-04-16,18-24,Family Campers,Northeast,Climbing,5,personalization,A fit profile that remembers my sizes would help.,Fictional data created for the MarketSignal demo.
SP-R0210,2026-04-07,25-34,Urban Outdoor,Midwest,Day hiking,7,price_vs_value,I wait for the end of season sale before buying anything. Customer service did help in the end.,Fictional data created for the MarketSignal demo.
SP-R0211,2026-04-07,25-34,Weekend Hikers,Midwest,Camping,10,sustainability_transparency,I want to know which fabrics are recycled and where they are made. Customer service did help in the end.,Fictional data created for the MarketSignal demo.
SP-R0212,2026-04-14,55+,Urban Outdoor,Northeast,Trail running,3,fit_inconsistency,I had to exchange my boots twice to get the right size. Considering switching brands.,Fictional data created for the MarketSignal demo.
SP-R0213,2026-04-12,55+,Weekend Hikers,Southwest,Day hiking,10,price_vs_value,Hard to justify the price compared with outfitter house brands. Customer service did help in the end.,Fictional data created for the MarketSignal demo.
SP-R0214,2026-04-19,25-34,Weekend Hikers,Midwest,Climbing,6,personalization,A fit profile that remembers my sizes would help. Customer service did help in the end.,Fictional data created for the MarketSignal demo.
SP-R0215,2026-04-13,18-24,Urban Outdoor,Midwest,Backpacking,3,durability,Sole started peeling away on the trail after a few months. Customer service did help in the end.,Fictional data created for the MarketSignal demo.
SP-R0216,2026-04-10,18-24,Weekend Hikers,Southwest,Camping,10,personalization,A fit profile that remembers my sizes would help.,Fictional data created for the MarketSignal demo.
SP-R0217,2026-04-08,45-54,Family Campers,Northeast,Trail running,8,fit_inconsistency,My boots and trail runners from Southpeak are not the same size at all. Considering switching brands.,Fictional data created for the MarketSignal demo.
SP-R0218,2026-04-13,35-44,Weekend Hikers,Southwest,Climbing,9,fit_inconsistency,Every season the fit of the hiking pants seems to change.,Fictional data created for the MarketSignal demo.
SP-R0219,2026-04-16,18-24,Alpine Committed,Pacific Northwest,Climbing,6,fit_inconsistency,Every season the fit of the hiking pants seems to change. Still love the brand overall.,Fictional data created for the MarketSignal demo.
SP-R0220,2026-04-07,25-34,Urban Outdoor,Pacific Northwest,Camping,3,durability,Sole started peeling away on the trail after a few months.,Fictional data created for the MarketSignal demo.
SP-R0221,2026-04-13,25-34,Alpine Committed,Mountain West,Backpacking,6,delivery_speed,I would pay for faster delivery before a big trip. Customer service did help in the end.,Fictional data created for the MarketSignal demo.
SP-R0222,2026-04-18,35-44,Weekend Hikers,Southwest,Trail running,10,community,Hard to find real customer photos of the gear on the trail. Considering switching brands.,Fictional data created for the MarketSignal demo.
SP-R0223,2026-04-11,18-24,Weekend Hikers,Northeast,Trail running,3,fit_inconsistency,My boots and trail runners from Southpeak are not the same size at all. Considering switching brands.,Fictional data created for the MarketSignal demo.
SP-R0224,2026-04-23,45-54,Urban Outdoor,Mountain West,Camping,8,delivery_speed,I would pay for faster delivery before a big trip.,Fictional data created for the MarketSignal demo.
SP-R0225,2026-04-18,25-34,Family Campers,Midwest,Backpacking,5,fit_inconsistency,The shell fits fine in the shoulders but the sleeves are short.,Fictional data created for the MarketSignal demo.
SP-R0226,2026-04-24,55+,Weekend Hikers,Midwest,Camping,3,personalization,I would like custom patches or embroidery for my scout troop.,Fictional data created for the MarketSignal demo.
SP-R0227,2026-04-21,35-44,Weekend Hikers,Northeast,Camping,6,community,I would come to more group hikes and trail cleanups if they were near me.,Fictional data created for the MarketSignal demo.
SP-R0228,2026-04-11,18-24,Weekend Hikers,Mountain West,Camping,10,durability,Sole started peeling away on the trail after a few months.,Fictional data created for the MarketSignal demo.
SP-R0229,2026-04-15,18-24,Urban Outdoor,Mountain West,Day hiking,8,delivery_speed,My order took eight days to reach me before a trip. Customer service did help in the end.,Fictional data created for the MarketSignal demo.
SP-R0230,2026-04-20,18-24,Alpine Committed,Mountain West,Day hiking,8,sustainability_transparency,A repair program would make me much more loyal. Customer service did help in the end.,Fictional data created for the MarketSignal demo.
SP-R0231,2026-04-07,55+,Family Campers,Midwest,Backpacking,8,delivery_speed,I would pay for faster delivery before a big trip. Would recommend with that caveat.,Fictional data created for the MarketSignal demo.
SP-R0232,2026-04-16,55+,Family Campers,Midwest,Climbing,7,price_vs_value,I wait for the end of season sale before buying anything. Customer service did help in the end.,Fictional data created for the MarketSignal demo.
SP-R0233,2026-04-15,25-34,Weekend Hikers,Pacific Northwest,Climbing,8,price_vs_value,Good gear but the prices keep creeping up.,Fictional data created for the MarketSignal demo.
SP-R0234,2026-04-18,35-44,Family Campers,Northeast,Day hiking,8,fit_inconsistency,My boots and trail runners from Southpeak are not the same size at all.,Fictional data created for the MarketSignal demo.
SP-R0235,2026-04-14,25-34,Weekend Hikers,Southwest,Climbing,8,delivery_speed,I would pay for faster delivery before a big trip.,Fictional data created for the MarketSignal demo.
SP-R0236,2026-04-09,18-24,Weekend Hikers,Midwest,Camping,9,fit_inconsistency,The shell fits fine in the shoulders but the sleeves are short.,Fictional data created for the MarketSignal demo.
SP-R0237,2026-04-19,25-34,Alpine Committed,Northeast,Climbing,3,price_vs_value,Good gear but the prices keep creeping up. Considering switching brands.,Fictional data created for the MarketSignal demo.
SP-R0238,2026-04-21,45-54,Weekend Hikers,Midwest,Climbing,6,durability,Sole started peeling away on the trail after a few months. Customer service did help in the end.,Fictional data created for the MarketSignal demo.
SP-R0239,2026-04-23,45-54,Urban Outdoor,Mountain West,Climbing,3,sustainability_transparency,A repair program would make me much more loyal. Would recommend with that caveat.,Fictional data created for the MarketSignal demo.
SP-R0240,2026-04-11,25-34,Family Campers,Southwest,Trail running,7,durability,The pack zipper broke on my second trip.,Fictional data created for the MarketSignal demo.
SP-R0241,2026-04-20,45-54,Weekend Hikers,Pacific Northwest,Trail running,3,fit_inconsistency,My boots and trail runners from Southpeak are not the same size at all. Still love the brand overall.,Fictional data created for the MarketSignal demo.
SP-R0242,2026-04-17,35-44,Family Campers,Northeast,Camping,5,sustainability_transparency,The sustainability page is mostly photos and slogans.,Fictional data created for the MarketSignal demo.
SP-R0243,2026-04-10,18-24,Alpine Committed,Northeast,Backpacking,9,sustainability_transparency,A repair program would make me much more loyal.,Fictional data created for the MarketSignal demo.
SP-R0244,2026-04-19,18-24,Urban Outdoor,Mountain West,Day hiking,5,fit_inconsistency,The shell fits fine in the shoulders but the sleeves are short.,Fictional data created for the MarketSignal demo.
SP-R0245,2026-04-23,18-24,Weekend Hikers,Southwest,Trail running,8,fit_inconsistency,My boots and trail runners from Southpeak are not the same size at all.,Fictional data created for the MarketSignal demo.
SP-R0246,2026-04-11,35-44,Weekend Hikers,Mountain West,Trail running,3,waterproofing,My boots stopped being waterproof after one season. Would recommend with that caveat.,Fictional data created for the MarketSignal demo.
SP-R0247,2026-04-13,55+,Alpine Committed,Midwest,Camping,9,sustainability_transparency,I want to know which fabrics are recycled and where they are made. Still love the brand overall.,Fictional data created for the MarketSignal demo.
SP-R0248,2026-04-10,45-54,Alpine Committed,Mountain West,Camping,5,price_vs_value,Hard to justify the price compared with outfitter house brands. Would recommend with that caveat.,Fictional data created for the MarketSignal demo.
SP-R0249,2026-04-12,25-34,Weekend Hikers,Southwest,Day hiking,5,durability,Fabric on the fleece pilled quickly.,Fictional data created for the MarketSignal demo.
SP-R0250,2026-04-20,35-44,Alpine Committed,Northeast,Climbing,5,delivery_speed,Shipping to rural areas is slow and tracking is unreliable. Still love the brand overall.,Fictional data created for the MarketSignal demo.
SP-R0251,2026-04-14,35-44,Family Campers,Southwest,Climbing,8,price_vs_value,Hard to justify the price compared with outfitter house brands.,Fictional data created for the MarketSignal demo.
SP-R0252,2026-04-12,55+,Alpine Committed,Pacific Northwest,Day hiking,5,durability,Fabric on the fleece pilled quickly.,Fictional data created for the MarketSignal demo.
SP-R0253,2026-04-08,35-44,Family Campers,Mountain West,Trail running,5,fit_inconsistency,I had to exchange my boots twice to get the right size.,Fictional data created for the MarketSignal demo.
SP-R0254,2026-04-23,55+,Family Campers,Mountain West,Day hiking,9,fit_inconsistency,I had to exchange my boots twice to get the right size. Still love the brand overall.,Fictional data created for the MarketSignal demo.
SP-R0255,2026-04-08,45-54,Urban Outdoor,Northeast,Climbing,9,fit_inconsistency,My boots and trail runners from Southpeak are not the same size at all. Considering switching brands.,Fictional data created for the MarketSignal demo.
SP-R0256,2026-04-11,55+,Weekend Hikers,Southwest,Day hiking,3,sustainability_transparency,A repair program would make me much more loyal.,Fictional data created for the MarketSignal demo.
SP-R0257,2026-04-12,35-44,Alpine Committed,Midwest,Trail running,7,fit_inconsistency,I had to exchange my boots twice to get the right size. Would recommend with that caveat.,Fictional data created for the MarketSignal demo.
SP-R0258,2026-04-23,25-34,Weekend Hikers,Northeast,Day hiking,9,price_vs_value,Hard to justify the price compared with outfitter house brands. Considering switching brands.,Fictional data created for the MarketSignal demo.
SP-R0259,2026-04-18,35-44,Alpine Committed,Midwest,Trail running,6,fit_inconsistency,Every season the fit of the hiking pants seems to change.,Fictional data created for the MarketSignal demo.
SP-R0260,2026-04-13,18-24,Family Campers,Midwest,Day hiking,9,fit_inconsistency,The shell fits fine in the shoulders but the sleeves are short. Customer service did help in the end.,Fictional data created for the MarketSignal demo.
SP-R0261,2026-04-16,45-54,Alpine Committed,Mountain West,Day hiking,10,fit_inconsistency,I had to exchange my boots twice to get the right size. Customer service did help in the end.,Fictional data created for the MarketSignal demo.
SP-R0262,2026-04-16,18-24,Weekend Hikers,Southwest,Day hiking,10,fit_inconsistency,The shell fits fine in the shoulders but the sleeves are short.,Fictional data created for the MarketSignal demo.
SP-R0263,2026-04-18,18-24,Weekend Hikers,Southwest,Trail running,3,price_vs_value,Good gear but the prices keep creeping up. Customer service did help in the end.,Fictional data created for the MarketSignal demo.
SP-R0264,2026-04-20,25-34,Weekend Hikers,Southwest,Backpacking,5,fit_inconsistency,Every season the fit of the hiking pants seems to change. Considering switching brands.,Fictional data created for the MarketSignal demo.
SP-R0265,2026-04-07,25-34,Urban Outdoor,Northeast,Day hiking,9,sustainability_transparency,A repair program would make me much more loyal. Would recommend with that caveat.,Fictional data created for the MarketSignal demo.
SP-R0266,2026-04-18,45-54,Urban Outdoor,Southwest,Day hiking,10,fit_inconsistency,Every season the fit of the hiking pants seems to change. Would recommend with that caveat.,Fictional data created for the MarketSignal demo.
SP-R0267,2026-04-09,55+,Family Campers,Southwest,Backpacking,7,delivery_speed,I would pay for faster delivery before a big trip. Would recommend with that caveat.,Fictional data created for the MarketSignal demo.
SP-R0268,2026-04-10,55+,Urban Outdoor,Midwest,Camping,9,fit_inconsistency,My boots and trail runners from Southpeak are not the same size at all. Would recommend with that caveat.,Fictional data created for the MarketSignal demo.
SP-R0269,2026-04-20,35-44,Urban Outdoor,Pacific Northwest,Trail running,9,price_vs_value,Hard to justify the price compared with outfitter house brands. Considering switching brands.,Fictional data created for the MarketSignal demo.
SP-R0270,2026-04-24,35-44,Weekend Hikers,Mountain West,Backpacking,9,delivery_speed,Shipping to rural areas is slow and tracking is unreliable.,Fictional data created for the MarketSignal demo.
SP-R0271,2026-04-06,45-54,Weekend Hikers,Pacific Northwest,Camping,3,personalization,A fit profile that remembers my sizes would help. Considering switching brands.,Fictional data created for the MarketSignal demo.
SP-R0272,2026-04-21,55+,Urban Outdoor,Mountain West,Climbing,9,personalization,I would like custom patches or embroidery for my scout troop. Would recommend with that caveat.,Fictional data created for the MarketSignal demo.
SP-R0273,2026-04-09,35-44,Weekend Hikers,Southwest,Trail running,10,sustainability_transparency,A repair program would make me much more loyal. Would recommend with that caveat.,Fictional data created for the MarketSignal demo.
SP-R0274,2026-04-14,55+,Alpine Committed,Southwest,Backpacking,9,sustainability_transparency,A repair program would make me much more loyal.,Fictional data created for the MarketSignal demo.
SP-R0275,2026-04-09,55+,Weekend Hikers,Northeast,Day hiking,7,price_vs_value,Hard to justify the price compared with outfitter house brands. Still love the brand overall.,Fictional data created for the MarketSignal demo.
SP-R0276,2026-04-06,25-34,Urban Outdoor,Mountain West,Camping,3,fit_inconsistency,Every season the fit of the hiking pants seems to change. Would recommend with that caveat.,Fictional data created for the MarketSignal demo.
SP-R0277,2026-04-07,45-54,Weekend Hikers,Mountain West,Trail running,6,price_vs_value,Hard to justify the price compared with outfitter house brands.,Fictional data created for the MarketSignal demo.
SP-R0278,2026-04-13,25-34,Urban Outdoor,Midwest,Day hiking,5,sustainability_transparency,The sustainability page is mostly photos and slogans. Customer service did help in the end.,Fictional data created for the MarketSignal demo.
SP-R0279,2026-04-18,35-44,Weekend Hikers,Southwest,Climbing,10,delivery_speed,My order took eight days to reach me before a trip. Considering switching brands.,Fictional data created for the MarketSignal demo.
SP-R0280,2026-04-16,18-24,Weekend Hikers,Southwest,Day hiking,5,price_vs_value,I wait for the end of season sale before buying anything. Considering switching brands.,Fictional data created for the MarketSignal demo.
SP-R0281,2026-04-09,55+,Family Campers,Northeast,Camping,8,price_vs_value,Good gear but the prices keep creeping up. Still love the brand overall.,Fictional data created for the MarketSignal demo.
SP-R0282,2026-04-22,25-34,Alpine Committed,Mountain West,Camping,9,fit_inconsistency,The shell fits fine in the shoulders but the sleeves are short.,Fictional data created for the MarketSignal demo.
SP-R0283,2026-04-09,35-44,Alpine Committed,Northeast,Day hiking,3,price_vs_value,Hard to justify the price compared with outfitter house brands.,Fictional data created for the MarketSignal demo.
SP-R0284,2026-04-20,18-24,Urban Outdoor,Pacific Northwest,Backpacking,8,fit_inconsistency,The shell fits fine in the shoulders but the sleeves are short.,Fictional data created for the MarketSignal demo.
SP-R0285,2026-04-11,55+,Weekend Hikers,Northeast,Trail running,9,fit_inconsistency,I had to exchange my boots twice to get the right size. Considering switching brands.,Fictional data created for the MarketSignal demo.
SP-R0286,2026-04-11,55+,Family Campers,Northeast,Trail running,8,community,Hard to find real customer photos of the gear on the trail. Still love the brand overall.,Fictional data created for the MarketSignal demo.
SP-R0287,2026-04-08,55+,Weekend Hikers,Mountain West,Day hiking,8,sustainability_transparency,A repair program would make me much more loyal. Customer service did help in the end.,Fictional data created for the MarketSignal demo.
SP-R0288,2026-04-19,35-44,Weekend Hikers,Midwest,Climbing,5,price_vs_value,I wait for the end of season sale before buying anything. Considering switching brands.,Fictional data created for the MarketSignal demo.
SP-R0289,2026-04-12,25-34,Family Campers,Midwest,Trail running,5,fit_inconsistency,My boots and trail runners from Southpeak are not the same size at all. Customer service did help in the end.,Fictional data created for the MarketSignal demo.
SP-R0290,2026-04-13,35-44,Weekend Hikers,Midwest,Day hiking,8,fit_inconsistency,I had to exchange my boots twice to get the right size. Considering switching brands.,Fictional data created for the MarketSignal demo.
SP-R0291,2026-04-09,55+,Alpine Committed,Northeast,Trail running,8,fit_inconsistency,I had to exchange my boots twice to get the right size. Still love the brand overall.,Fictional data created for the MarketSignal demo.
SP-R0292,2026-04-24,18-24,Family Campers,Northeast,Climbing,10,durability,Sole started peeling away on the trail after a few months. Still love the brand overall.,Fictional data created for the MarketSignal demo.
SP-R0293,2026-04-20,18-24,Urban Outdoor,Northeast,Camping,8,price_vs_value,Hard to justify the price compared with outfitter house brands.,Fictional data created for the MarketSignal demo.
SP-R0294,2026-04-20,18-24,Weekend Hikers,Pacific Northwest,Trail running,9,personalization,I would like custom patches or embroidery for my scout troop. Considering switching brands.,Fictional data created for the MarketSignal demo.
SP-R0295,2026-04-16,25-34,Weekend Hikers,Southwest,Camping,6,price_vs_value,Hard to justify the price compared with outfitter house brands. Still love the brand overall.,Fictional data created for the MarketSignal demo.
SP-R0296,2026-04-17,45-54,Family Campers,Mountain West,Day hiking,8,fit_inconsistency,My boots and trail runners from Southpeak are not the same size at all. Would recommend with that caveat.,Fictional data created for the MarketSignal demo.
SP-R0297,2026-04-22,45-54,Weekend Hikers,Southwest,Climbing,3,personalization,I would like custom patches or embroidery for my scout troop. Would recommend with that caveat.,Fictional data created for the MarketSignal demo.
SP-R0298,2026-04-10,45-54,Urban Outdoor,Northeast,Day hiking,7,durability,Fabric on the fleece pilled quickly. Considering switching brands.,Fictional data created for the MarketSignal demo.
SP-R0299,2026-04-08,25-34,Weekend Hikers,Northeast,Backpacking,5,delivery_speed,I would pay for faster delivery before a big trip.,Fictional data created for the MarketSignal demo.
SP-R0300,2026-04-16,55+,Family Campers,Mountain West,Day hiking,10,price_vs_value,Hard to justify the price compared with outfitter house brands.,Fictional data created for the MarketSignal demo.
